"STATION","NAME","DATE","PRCP","TAVG","TMAX","TMIN"
"ASN00009021","PERTH AIRPORT, AS","2013-06-01","0.00","54","64","35"
"ASN00009021","PERTH AIRPORT, AS","2013-06-02","0.00","57","64","47"
"ASN00009021","PERTH AIRPORT, AS","2013-06-03","0.00","56","67","52"
"ASN00009021","PERTH AIRPORT, AS","2013-06-04","0.00","56","69","47"
"ASN00009021","PERTH AIRPORT, AS","2013-06-05","0.02","60","67","47"
"ASN00009021","PERTH AIRPORT, AS","2013-06-06","0.01","56","69","55"
"ASN00009021","PERTH AIRPORT, AS","2013-06-07","0.00","55","71","44"
"ASN00009021","PERTH AIRPORT, AS","2013-06-08","0.00","60","69","43"
"ASN00009021","PERTH AIRPORT, AS","2013-06-09","0.02","59","70","52"
"ASN00009021","PERTH AIRPORT, AS","2013-06-10","0.38","55","67","47"
"ASN00009021","PERTH AIRPORT, AS","2013-06-11","0.00","55","65","45"
"ASN00009021","PERTH AIRPORT, AS","2013-06-12","0.00","56","67","49"
"ASN00009021","PERTH AIRPORT, AS","2013-06-13","0.00","59","69","47"
"ASN00009021","PERTH AIRPORT, AS","2013-06-14","0.00","58","68","51"
"ASN00009021","PERTH AIRPORT, AS","2013-06-15","0.00","48","60","52"
"ASN00009021","PERTH AIRPORT, AS","2013-06-16","0.00","55","66","36"
"ASN00009021","PERTH AIRPORT, AS","2013-06-17","0.14","53","65","46"
"ASN00009021","PERTH AIRPORT, AS","2013-06-18","0.00","53","64","42"
"ASN00009021","PERTH AIRPORT, AS","2013-06-19","0.00","52","68","39"
"ASN00009021","PERTH AIRPORT, AS","2013-06-20","0.00","54","68","40"
"ASN00009021","PERTH AIRPORT, AS","2013-06-21","0.00","56","67","46"
"ASN00009021","PERTH AIRPORT, AS","2013-06-22","0.00","59","73","47"
"ASN00009021","PERTH AIRPORT, AS","2013-06-23","0.00","59","70","47"
"ASN00009021","PERTH AIRPORT, AS","2013-06-24","0.09","61","72","50"
"ASN00009021","PERTH AIRPORT, AS","2013-06-25","0.23","54","65","53"
"ASN00009021","PERTH AIRPORT, AS","2013-06-26","0.02","56","65","42"
"ASN00009021","PERTH AIRPORT, AS","2013-06-27","0.00","56","68","50"
"ASN00009021","PERTH AIRPORT, AS","2013-06-28","0.00","55","70","45"
"ASN00009021","PERTH AIRPORT, AS","2013-06-29","0.00","54","72","44"
"ASN00009021","PERTH AIRPORT, AS","2013-06-30","0.00","55","73","40"
"ASN00009021","PERTH AIRPORT, AS","2013-07-01","0.00","53","72","40"
"ASN00009021","PERTH AIRPORT, AS","2013-07-02","0.00","57","71","36"
"ASN00009021","PERTH AIRPORT, AS","2013-07-03","0.12","51","63","49"
"ASN00009021","PERTH AIRPORT, AS","2013-07-04","0.04","49","63","39"
"ASN00009021","PERTH AIRPORT, AS","2013-07-05","0.00","51","64","39"
"ASN00009021","PERTH AIRPORT, AS","2013-07-06","0.00","49","63","41"
"ASN00009021","PERTH AIRPORT, AS","2013-07-07","0.00","49","62","39"
"ASN00009021","PERTH AIRPORT, AS","2013-07-08","0.00","51","65","36"
"ASN00009021","PERTH AIRPORT, AS","2013-07-09","0.00","55","67","38"
"ASN00009021","PERTH AIRPORT, AS","2013-07-10","1.00","54","67","47"
"ASN00009021","PERTH AIRPORT, AS","2013-07-11","0.00","55","59","45"
"ASN00009021","PERTH AIRPORT, AS","2013-07-12","0.09","53","67","50"
"ASN00009021","PERTH AIRPORT, AS","2013-07-13","0.00","58","70","42"
"ASN00009021","PERTH AIRPORT, AS","2013-07-14","0.02","60","69","49"
"ASN00009021","PERTH AIRPORT, AS","2013-07-15","0.00","62","72","52"
"ASN00009021","PERTH AIRPORT, AS","2013-07-16","0.41","56","64","53"
"ASN00009021","PERTH AIRPORT, AS","2013-07-17","0.48","46","59","48"
"ASN00009021","PERTH AIRPORT, AS","2013-07-18","0.00","47","61","31"
"ASN00009021","PERTH AIRPORT, AS","2013-07-19","0.00","49","62","38"
"ASN00009021","PERTH AIRPORT, AS","2013-07-20","0.00","48","62","35"
"ASN00009021","PERTH AIRPORT, AS","2013-07-21","0.00","49","61","34"
"ASN00009021","PERTH AIRPORT, AS","2013-07-22","0.00","56","66","42"
"ASN00009021","PERTH AIRPORT, AS","2013-07-23","0.00","62","74","45"
"ASN00009021","PERTH AIRPORT, AS","2013-07-24","0.63","58","67","53"
"ASN00009021","PERTH AIRPORT, AS","2013-07-25","0.09","60","70","50"
"ASN00009021","PERTH AIRPORT, AS","2013-07-26","0.67","56","63","55"
"ASN00009021","PERTH AIRPORT, AS","2013-07-27","0.76","56","66","46"
"ASN00009021","PERTH AIRPORT, AS","2013-07-28","0.09","55","67","47"
"ASN00009021","PERTH AIRPORT, AS","2013-07-29","0.00","56","65","44"
"ASN00009021","PERTH AIRPORT, AS","2013-07-30","0.03","58","68","47"
"ASN00009021","PERTH AIRPORT, AS","2013-07-31","0.25","59","68","53"
"ASN00009021","PERTH AIRPORT, AS","2013-08-01","0.04","56","70","54"
"ASN00009021","PERTH AIRPORT, AS","2013-08-02","0.00","57","69","45"
"ASN00009021","PERTH AIRPORT, AS","2013-08-03","0.00","57","71","46"
"ASN00009021","PERTH AIRPORT, AS","2013-08-04","0.00","63","73","45"
"ASN00009021","PERTH AIRPORT, AS","2013-08-05","0.20","65","72","56"
"ASN00009021","PERTH AIRPORT, AS","2013-08-06","0.62","65","71","59"
"ASN00009021","PERTH AIRPORT, AS","2013-08-07","0.11","65","72","62"
"ASN00009021","PERTH AIRPORT, AS","2013-08-08","1.39","58","64","60"
"ASN00009021","PERTH AIRPORT, AS","2013-08-09","0.48","58","67","49"
"ASN00009021","PERTH AIRPORT, AS","2013-08-10","0.11","58","67","51"
"ASN00009021","PERTH AIRPORT, AS","2013-08-11","0.17","57","65","50"
"ASN00009021","PERTH AIRPORT, AS","2013-08-12","0.02","61","68","49"
"ASN00009021","PERTH AIRPORT, AS","2013-08-13","0.03","56","66","57"
"ASN00009021","PERTH AIRPORT, AS","2013-08-14","0.35","59","68","46"
"ASN00009021","PERTH AIRPORT, AS","2013-08-15","0.04","53","65","53"
"ASN00009021","PERTH AIRPORT, AS","2013-08-16","0.63","55","62","42"
"ASN00009021","PERTH AIRPORT, AS","2013-08-17","0.18","56","66","50"
"ASN00009021","PERTH AIRPORT, AS","2013-08-18","0.03","58","66","47"
"ASN00009021","PERTH AIRPORT, AS","2013-08-19","0.00","55","70","50"
"ASN00009021","PERTH AIRPORT, AS","2013-08-20","0.00","55","67","39"
"ASN00009021","PERTH AIRPORT, AS","2013-08-21","0.00","55","68","46"
"ASN00009021","PERTH AIRPORT, AS","2013-08-22","0.00","57","72","42"
"ASN00009021","PERTH AIRPORT, AS","2013-08-23","0.00","59","76","45"
"ASN00009021","PERTH AIRPORT, AS","2013-08-24","0.00","61","79","44"
"ASN00009021","PERTH AIRPORT, AS","2013-08-25","0.00","60","69","51"
"ASN00009021","PERTH AIRPORT, AS","2013-08-26","0.27","56","65","54"
"ASN00009021","PERTH AIRPORT, AS","2013-08-27","0.08","54","62","47"
"ASN00009021","PERTH AIRPORT, AS","2013-08-28","1.00","56","66","47"
"ASN00009021","PERTH AIRPORT, AS","2013-08-29","0.00","58","69","48"
"ASN00009021","PERTH AIRPORT, AS","2013-08-30","0.25","62","68","52"
"ASN00009021","PERTH AIRPORT, AS","2013-08-31","0.33","65","70","59"
"ASN00009021","PERTH AIRPORT, AS","2013-09-01","0.02","65","73","56"
"ASN00009021","PERTH AIRPORT, AS","2013-09-02","0.00","63","73","61"
"ASN00009021","PERTH AIRPORT, AS","2013-09-03","0.00","60","71","53"
"ASN00009021","PERTH AIRPORT, AS","2013-09-04","0.32","55","65","48"
"ASN00009021","PERTH AIRPORT, AS","2013-09-05","0.00","55","69","47"
"ASN00009021","PERTH AIRPORT, AS","2013-09-06","0.00","61","72","40"
"ASN00009021","PERTH AIRPORT, AS","2013-09-07","1.68","56","65","52"
"ASN00009021","PERTH AIRPORT, AS","2013-09-08","0.09","56","69","44"
"ASN00009021","PERTH AIRPORT, AS","2013-09-09","0.00","60","73","43"
"ASN00009021","PERTH AIRPORT, AS","2013-09-10","0.00","61","71","50"
"ASN00009021","PERTH AIRPORT, AS","2013-09-11","0.72","59","64","55"
"ASN00009021","PERTH AIRPORT, AS","2013-09-12","0.44","59","67","56"
"ASN00009021","PERTH AIRPORT, AS","2013-09-13","0.02","58","68","53"
"ASN00009021","PERTH AIRPORT, AS","2013-09-14","1.06","56","62","53"
"ASN00009021","PERTH AIRPORT, AS","2013-09-15","0.15","53","64","52"
"ASN00009021","PERTH AIRPORT, AS","2013-09-16","0.00","58","71","43"
"ASN00009021","PERTH AIRPORT, AS","2013-09-17","0.43","56","63","48"
"ASN00009021","PERTH AIRPORT, AS","2013-09-18","0.04","61","67","51"
"ASN00009021","PERTH AIRPORT, AS","2013-09-19","0.09","60","69","59"
"ASN00009021","PERTH AIRPORT, AS","2013-09-20","0.04","58","70","53"
"ASN00009021","PERTH AIRPORT, AS","2013-09-21","0.06","63","71","48"
"ASN00009021","PERTH AIRPORT, AS","2013-09-22","0.54","61","65","56"
"ASN00009021","PERTH AIRPORT, AS","2013-09-23","0.48","65","69","56"
"ASN00009021","PERTH AIRPORT, AS","2013-09-24","0.09","62","68","60"
"ASN00009021","PERTH AIRPORT, AS","2013-09-25","0.05","57","67","57"
"ASN00009021","PERTH AIRPORT, AS","2013-09-26","0.00","57","69","48"
"ASN00009021","PERTH AIRPORT, AS","2013-09-27","0.15","59","67","46"
"ASN00009021","PERTH AIRPORT, AS","2013-09-28","0.00","60","69","47"
"ASN00009021","PERTH AIRPORT, AS","2013-09-29","0.00","58","69","52"
"ASN00009021","PERTH AIRPORT, AS","2013-09-30","0.35","51","63","49"
"ASN00009021","PERTH AIRPORT, AS","2013-10-01","0.00","59","66","39"
"ASN00009021","PERTH AIRPORT, AS","2013-10-02","0.00","66","79","51"
"ASN00009021","PERTH AIRPORT, AS","2013-10-03","0.00","70","84","54"
"ASN00009021","PERTH AIRPORT, AS","2013-10-04","0.00","61","71","61"
"ASN00009021","PERTH AIRPORT, AS","2013-10-05","0.02","60","73","52"
"ASN00009021","PERTH AIRPORT, AS","2013-10-06","0.04","61","72","49"
"ASN00009021","PERTH AIRPORT, AS","2013-10-07","0.00","62","74","51"
"ASN00009021","PERTH AIRPORT, AS","2013-10-08","0.00","63","74","52"
"ASN00009021","PERTH AIRPORT, AS","2013-10-09","0.43","56","68","55"
"ASN00009021","PERTH AIRPORT, AS","2013-10-10","0.02","58","70","45"
"ASN00009021","PERTH AIRPORT, AS","2013-10-11","0.00","60","70","47"
"ASN00009021","PERTH AIRPORT, AS","2013-10-12","0.06","56","67","49"
"ASN00009021","PERTH AIRPORT, AS","2013-10-13","0.00","58","71","44"
"ASN00009021","PERTH AIRPORT, AS","2013-10-14","0.00","62","78","42"
"ASN00009021","PERTH AIRPORT, AS","2013-10-15","0.00","65","70","44"
"ASN00009021","PERTH AIRPORT, AS","2013-10-16","0.07","60","71","61"
"ASN00009021","PERTH AIRPORT, AS","2013-10-17","0.00","63","72","47"
"ASN00009021","PERTH AIRPORT, AS","2013-10-18","0.00","67","74","55"
"ASN00009021","PERTH AIRPORT, AS","2013-10-19","0.00","56","68","63"
"ASN00009021","PERTH AIRPORT, AS","2013-10-20","0.63","58","68","50"
"ASN00009021","PERTH AIRPORT, AS","2013-10-21","0.00","59","70","48"
"ASN00009021","PERTH AIRPORT, AS","2013-10-22","0.00","63","76","51"
"ASN00009021","PERTH AIRPORT, AS","2013-10-23","0.00","69","80","52"
"ASN00009021","PERTH AIRPORT, AS","2013-10-24","0.01","69","81","57"
"ASN00009021","PERTH AIRPORT, AS","2013-10-25","0.00","65","76","55"
"ASN00009021","PERTH AIRPORT, AS","2013-10-26","0.00","68","78","53"
"ASN00009021","PERTH AIRPORT, AS","2013-10-27","0.00","70","84","59"
"ASN00009021","PERTH AIRPORT, AS","2013-10-28","0.00","71","85","58"
"ASN00009021","PERTH AIRPORT, AS","2013-10-29","0.00","76","89","57"
"ASN00009021","PERTH AIRPORT, AS","2013-10-30","0.00","76","99","65"
"ASN00009021","PERTH AIRPORT, AS","2013-10-31","0.00","68","79","58"
"ASN00009021","PERTH AIRPORT, AS","2013-11-01","0.00","70","82","58"
"ASN00009021","PERTH AIRPORT, AS","2013-11-02","0.00","71","86","62"
"ASN00009021","PERTH AIRPORT, AS","2013-11-03","0.00","78","92","59"
"ASN00009021","PERTH AIRPORT, AS","2013-11-04","0.00","76","92","67"
"ASN00009021","PERTH AIRPORT, AS","2013-11-05","0.00","65","75","65"
"ASN00009021","PERTH AIRPORT, AS","2013-11-06","0.00","66","77","54"
"ASN00009021","PERTH AIRPORT, AS","2013-11-07","0.00","69","81","58"
"ASN00009021","PERTH AIRPORT, AS","2013-11-08","0.00","70","85","57"
"ASN00009021","PERTH AIRPORT, AS","2013-11-09","0.00","75","92","54"
"ASN00009021","PERTH AIRPORT, AS","2013-11-10","0.00","75","98","60"
"ASN00009021","PERTH AIRPORT, AS","2013-11-11","0.00","73","89","51"
"ASN00009021","PERTH AIRPORT, AS","2013-11-12","0.00","70","85","59"
"ASN00009021","PERTH AIRPORT, AS","2013-11-13","0.00","72","87","57"
"ASN00009021","PERTH AIRPORT, AS","2013-11-14","0.00","76","91","59"
"ASN00009021","PERTH AIRPORT, AS","2013-11-15","0.00","80","92","60"
"ASN00009021","PERTH AIRPORT, AS","2013-11-16","0.00","78","99","68"
"ASN00009021","PERTH AIRPORT, AS","2013-11-17","0.00","71","84","62"
"ASN00009021","PERTH AIRPORT, AS","2013-11-18","0.00","66","76","60"
"ASN00009021","PERTH AIRPORT, AS","2013-11-19","0.00","66","78","53"
"ASN00009021","PERTH AIRPORT, AS","2013-11-20","0.00","71","83","55"
"ASN00009021","PERTH AIRPORT, AS","2013-11-21","0.00","78","89","60"
"ASN00009021","PERTH AIRPORT, AS","2013-11-22","0.00","73","90","68"
"ASN00009021","PERTH AIRPORT, AS","2013-11-23","0.00","72","82","58"
"ASN00009021","PERTH AIRPORT, AS","2013-11-24","0.00","63","77","64"
"ASN00009021","PERTH AIRPORT, AS","2013-11-25","0.01","66","78","49"
"ASN00009021","PERTH AIRPORT, AS","2013-11-26","0.00","73","85","52"
"ASN00009021","PERTH AIRPORT, AS","2013-11-27","0.00","77","88","61"
"ASN00009021","PERTH AIRPORT, AS","2013-11-28","0.00","73","89","66"
"ASN00009021","PERTH AIRPORT, AS","2013-11-29","0.00","66","77","62"
"ASN00009021","PERTH AIRPORT, AS","2013-11-30","0.24","66","74","58"
"ASN00009021","PERTH AIRPORT, AS","2013-12-01","0.02","66","77","60"
"ASN00009021","PERTH AIRPORT, AS","2013-12-02","0.00","65","76","52"
"ASN00009021","PERTH AIRPORT, AS","2013-12-03","0.00","65","77","50"
"ASN00009021","PERTH AIRPORT, AS","2013-12-04","0.00","69","83","55"
"ASN00009021","PERTH AIRPORT, AS","2013-12-05","0.00","77","90","56"
"ASN00009021","PERTH AIRPORT, AS","2013-12-06","0.02","77","93","65"
"ASN00009021","PERTH AIRPORT, AS","2013-12-07","0.00","72","82","63"
"ASN00009021","PERTH AIRPORT, AS","2013-12-08","0.00","67","78","62"
"ASN00009021","PERTH AIRPORT, AS","2013-12-09","0.00","71","85","58"
"ASN00009021","PERTH AIRPORT, AS","2013-12-10","0.00","77","90","60"
"ASN00009021","PERTH AIRPORT, AS","2013-12-11","0.00","78","92","63"
"ASN00009021","PERTH AIRPORT, AS","2013-12-12","0.00","82","97","62"
"ASN00009021","PERTH AIRPORT, AS","2013-12-13","0.00","84","102","67"
"ASN00009021","PERTH AIRPORT, AS","2013-12-14","0.00","83","105","63"
"ASN00009021","PERTH AIRPORT, AS","2013-12-15","0.00","86","101","60"
"ASN00009021","PERTH AIRPORT, AS","2013-12-16","0.00","81","100","70"
"ASN00009021","PERTH AIRPORT, AS","2013-12-17","0.00","74","85","60"
"ASN00009021","PERTH AIRPORT, AS","2013-12-18","0.00","73","85","66"
"ASN00009021","PERTH AIRPORT, AS","2013-12-19","0.00","73","89","64"
"ASN00009021","PERTH AIRPORT, AS","2013-12-20","0.00","71","83","61"
"ASN00009021","PERTH AIRPORT, AS","2013-12-21","0.00","69","83","56"
"ASN00009021","PERTH AIRPORT, AS","2013-12-22","0.00","70","85","57"
"ASN00009021","PERTH AIRPORT, AS","2013-12-23","0.00","75","93","50"
"ASN00009021","PERTH AIRPORT, AS","2013-12-24","0.00","73","85","53"
"ASN00009021","PERTH AIRPORT, AS","2013-12-25","0.00","72","90","61"
"ASN00009021","PERTH AIRPORT, AS","2013-12-26","0.00","73","83","51"
"ASN00009021","PERTH AIRPORT, AS","2013-12-27","0.00","73","85","66"
"ASN00009021","PERTH AIRPORT, AS","2013-12-28","0.00","74","92","61"
"ASN00009021","PERTH AIRPORT, AS","2013-12-29","0.00","79","96","59"
"ASN00009021","PERTH AIRPORT, AS","2013-12-30","0.00","76","90","64"
"ASN00009021","PERTH AIRPORT, AS","2013-12-31","0.00","69","80","64"
"ASN00009021","PERTH AIRPORT, AS","2014-01-01","0.00","67","80","55"
"ASN00009021","PERTH AIRPORT, AS","2014-01-02","0.00","68","78","49"
"ASN00009021","PERTH AIRPORT, AS","2014-01-03","0.00","69","83","57"
"ASN00009021","PERTH AIRPORT, AS","2014-01-04","0.00","70","83","55"
"ASN00009021","PERTH AIRPORT, AS","2014-01-05","0.00","75","90","61"
"ASN00009021","PERTH AIRPORT, AS","2014-01-06","0.00","83","102","62"
"ASN00009021","PERTH AIRPORT, AS","2014-01-07","0.00","71","81","62"
"ASN00009021","PERTH AIRPORT, AS","2014-01-08","0.00","73","85","60"
"ASN00009021","PERTH AIRPORT, AS","2014-01-09","0.00","74","86","60"
"ASN00009021","PERTH AIRPORT, AS","2014-01-10","0.00","83","96","62"
"ASN00009021","PERTH AIRPORT, AS","2014-01-11","0.00","95","110","69"
"ASN00009021","PERTH AIRPORT, AS","2014-01-12","0.00","85","109","83"
"ASN00009021","PERTH AIRPORT, AS","2014-01-13","0.00","71","83","69"
"ASN00009021","PERTH AIRPORT, AS","2014-01-14","0.00","71","82","58"
"ASN00009021","PERTH AIRPORT, AS","2014-01-15","0.00","71","79","58"
"ASN00009021","PERTH AIRPORT, AS","2014-01-16","0.02","69","79","65"
"ASN00009021","PERTH AIRPORT, AS","2014-01-17","0.00","74","91","60"
"ASN00009021","PERTH AIRPORT, AS","2014-01-18","0.00","85","101","57"
"ASN00009021","PERTH AIRPORT, AS","2014-01-19","0.00","87","104","66"
"ASN00009021","PERTH AIRPORT, AS","2014-01-20","0.00","84","102","69"
"ASN00009021","PERTH AIRPORT, AS","2014-01-21","0.00","87","100","67"
"ASN00009021","PERTH AIRPORT, AS","2014-01-22","0.00","86","99","74"
"ASN00009021","PERTH AIRPORT, AS","2014-01-23","0.00","84","99","73"
"ASN00009021","PERTH AIRPORT, AS","2014-01-24","0.00","82","91","74"
"ASN00009021","PERTH AIRPORT, AS","2014-01-25","0.00","85","99","76"
"ASN00009021","PERTH AIRPORT, AS","2014-01-26","0.00","76","90","72"
"ASN00009021","PERTH AIRPORT, AS","2014-01-27","0.00","70","80","60"
"ASN00009021","PERTH AIRPORT, AS","2014-01-28","0.00","75","89","60"
"ASN00009021","PERTH AIRPORT, AS","2014-01-29","0.00","78","94","62"
"ASN00009021","PERTH AIRPORT, AS","2014-01-30","0.00","82","96","63"
"ASN00009021","PERTH AIRPORT, AS","2014-01-31","0.00","75","87","68"
"ASN00009021","PERTH AIRPORT, AS","2014-02-01","0.00","73","86","63"
"ASN00009021","PERTH AIRPORT, AS","2014-02-02","0.00","76","90","62"
"ASN00009021","PERTH AIRPORT, AS","2014-02-03","0.00","80","93","63"
"ASN00009021","PERTH AIRPORT, AS","2014-02-04","0.00","84","100","71"
"ASN00009021","PERTH AIRPORT, AS","2014-02-05","0.00","80","92","68"
"ASN00009021","PERTH AIRPORT, AS","2014-02-06","0.00","80","92","68"
"ASN00009021","PERTH AIRPORT, AS","2014-02-07","0.00","74","89","67"
"ASN00009021","PERTH AIRPORT, AS","2014-02-08","0.00","72","87","58"
"ASN00009021","PERTH AIRPORT, AS","2014-02-09","0.00","74","93","59"
"ASN00009021","PERTH AIRPORT, AS","2014-02-10","0.00","75","89","63"
"ASN00009021","PERTH AIRPORT, AS","2014-02-11","0.00","78","92","63"
"ASN00009021","PERTH AIRPORT, AS","2014-02-12","0.00","80","93","69"
"ASN00009021","PERTH AIRPORT, AS","2014-02-13","0.00","81","95","69"
"ASN00009021","PERTH AIRPORT, AS","2014-02-14","0.00","77","90","67"
"ASN00009021","PERTH AIRPORT, AS","2014-02-15","0.00","75","90","60"
"ASN00009021","PERTH AIRPORT, AS","2014-02-16","0.00","73","88","56"
"ASN00009021","PERTH AIRPORT, AS","2014-02-17","0.00","78","93","64"
"ASN00009021","PERTH AIRPORT, AS","2014-02-18","0.00","80","96","64"
"ASN00009021","PERTH AIRPORT, AS","2014-02-19","0.00","84","98","63"
"ASN00009021","PERTH AIRPORT, AS","2014-02-20","0.00","83","99","71"
"ASN00009021","PERTH AIRPORT, AS","2014-02-21","0.00","83","95","67"
"ASN00009021","PERTH AIRPORT, AS","2014-02-22","0.00","81","95","75"
"ASN00009021","PERTH AIRPORT, AS","2014-02-23","0.00","79","96","68"
"ASN00009021","PERTH AIRPORT, AS","2014-02-24","0.00","80","95","59"
"ASN00009021","PERTH AIRPORT, AS","2014-02-25","0.00","76","90","68"
"ASN00009021","PERTH AIRPORT, AS","2014-02-26","0.00","74","87","61"
"ASN00009021","PERTH AIRPORT, AS","2014-02-27","0.00","78","95","63"
"ASN00009021","PERTH AIRPORT, AS","2014-02-28","0.00","82","98","63"
"ASN00009021","PERTH AIRPORT, AS","2014-03-01","0.00","83","101","68"
"ASN00009021","PERTH AIRPORT, AS","2014-03-02","0.00","80","100","60"
"ASN00009021","PERTH AIRPORT, AS","2014-03-03","0.00","75","89","59"
"ASN00009021","PERTH AIRPORT, AS","2014-03-04","0.00","76","90","64"
"ASN00009021","PERTH AIRPORT, AS","2014-03-05","0.00","77","90","63"
"ASN00009021","PERTH AIRPORT, AS","2014-03-06","0.00","83","96","64"
"ASN00009021","PERTH AIRPORT, AS","2014-03-07","0.00","82","100","74"
"ASN00009021","PERTH AIRPORT, AS","2014-03-08","0.00","70","80","70"
"ASN00009021","PERTH AIRPORT, AS","2014-03-09","0.00","68","80","54"
"ASN00009021","PERTH AIRPORT, AS","2014-03-10","0.00","71","85","54"
"ASN00009021","PERTH AIRPORT, AS","2014-03-11","0.00","80","92","62"
"ASN00009021","PERTH AIRPORT, AS","2014-03-12","0.00","84","100","68"
"ASN00009021","PERTH AIRPORT, AS","2014-03-13","0.01","71","82","69"
"ASN00009021","PERTH AIRPORT, AS","2014-03-14","0.00","66","79","58"
"ASN00009021","PERTH AIRPORT, AS","2014-03-15","0.00","64","77","46"
"ASN00009021","PERTH AIRPORT, AS","2014-03-16","0.00","68","81","50"
"ASN00009021","PERTH AIRPORT, AS","2014-03-17","0.00","73","86","53"
"ASN00009021","PERTH AIRPORT, AS","2014-03-18","0.00","75","89","61"
"ASN00009021","PERTH AIRPORT, AS","2014-03-19","0.00","77","90","65"
"ASN00009021","PERTH AIRPORT, AS","2014-03-20","0.00","75","89","66"
"ASN00009021","PERTH AIRPORT, AS","2014-03-21","0.01","72","83","62"
"ASN00009021","PERTH AIRPORT, AS","2014-03-22","0.00","78","89","66"
"ASN00009021","PERTH AIRPORT, AS","2014-03-23","0.00","82","93","69"
"ASN00009021","PERTH AIRPORT, AS","2014-03-24","0.00","80","94","73"
"ASN00009021","PERTH AIRPORT, AS","2014-03-25","0.01","74","83","71"
"ASN00009021","PERTH AIRPORT, AS","2014-03-26","0.00","74","88","68"
"ASN00009021","PERTH AIRPORT, AS","2014-03-27","0.00","73","85","62"
"ASN00009021","PERTH AIRPORT, AS","2014-03-28","0.00","76","93","63"
"ASN00009021","PERTH AIRPORT, AS","2014-03-29","0.00","67","77","65"
"ASN00009021","PERTH AIRPORT, AS","2014-03-30","0.14","65","72","61"
"ASN00009021","PERTH AIRPORT, AS","2014-03-31","0.01","65","74","58"
"ASN00009021","PERTH AIRPORT, AS","2014-04-01","0.02","63","77","60"
"ASN00009021","PERTH AIRPORT, AS","2014-04-02","0.00","65","78","51"
"ASN00009021","PERTH AIRPORT, AS","2014-04-03","0.00","67","82","56"
"ASN00009021","PERTH AIRPORT, AS","2014-04-04","0.00","72","86","52"
"ASN00009021","PERTH AIRPORT, AS","2014-04-05","0.00","70","89","58"
"ASN00009021","PERTH AIRPORT, AS","2014-04-06","0.00","68","80","54"
"ASN00009021","PERTH AIRPORT, AS","2014-04-07","0.00","67","78","55"
"ASN00009021","PERTH AIRPORT, AS","2014-04-08","0.00","74","86","55"
"ASN00009021","PERTH AIRPORT, AS","2014-04-09","0.00","78","89","65"
"ASN00009021","PERTH AIRPORT, AS","2014-04-10","0.00","79","91","70"
"ASN00009021","PERTH AIRPORT, AS","2014-04-11","0.00","80","95","69"
"ASN00009021","PERTH AIRPORT, AS","2014-04-12","0.00","76","91","65"
"ASN00009021","PERTH AIRPORT, AS","2014-04-13","0.00","76","93","62"
"ASN00009021","PERTH AIRPORT, AS","2014-04-14","0.00","72","88","63"
"ASN00009021","PERTH AIRPORT, AS","2014-04-15","0.00","69","78","58"
"ASN00009021","PERTH AIRPORT, AS","2014-04-16","0.00","63","78","62"
"ASN00009021","PERTH AIRPORT, AS","2014-04-17","0.00","67","79","47"
"ASN00009021","PERTH AIRPORT, AS","2014-04-18","0.00","67","83","56"
"ASN00009021","PERTH AIRPORT, AS","2014-04-19","0.00","65","79","49"
"ASN00009021","PERTH AIRPORT, AS","2014-04-20","0.00","64","77","52"
"ASN00009021","PERTH AIRPORT, AS","2014-04-21","0.00","60","74","45"
"ASN00009021","PERTH AIRPORT, AS","2014-04-22","0.00","61","76","42"
"ASN00009021","PERTH AIRPORT, AS","2014-04-23","0.00","69","80","43"
"ASN00009021","PERTH AIRPORT, AS","2014-04-24","0.00","68","76","61"
"ASN00009021","PERTH AIRPORT, AS","2014-04-25","0.01","68","78","58"
"ASN00009021","PERTH AIRPORT, AS","2014-04-26","0.00","67","73","58"
"ASN00009021","PERTH AIRPORT, AS","2014-04-27","0.36","65","75","62"
"ASN00009021","PERTH AIRPORT, AS","2014-04-28","0.31","54","67","52"
"ASN00009021","PERTH AIRPORT, AS","2014-04-29","0.03","58","68","43"
"ASN00009021","PERTH AIRPORT, AS","2014-04-30","0.00","57","72","47"
"ASN00009021","PERTH AIRPORT, AS","2014-05-01","0.00","60","72","41"
"ASN00009021","PERTH AIRPORT, AS","2014-05-02","0.00","55","69","45"
"ASN00009021","PERTH AIRPORT, AS","2014-05-03","0.00","63","74","42"
"ASN00009021","PERTH AIRPORT, AS","2014-05-04","0.00","64","72","58"
"ASN00009021","PERTH AIRPORT, AS","2014-05-05","0.06","63","69","57"
"ASN00009021","PERTH AIRPORT, AS","2014-05-06","0.00","68","72","59"
"ASN00009021","PERTH AIRPORT, AS","2014-05-07","0.15","64","71","64"
"ASN00009021","PERTH AIRPORT, AS","2014-05-08","1.47","59","66","54"
"ASN00009021","PERTH AIRPORT, AS","2014-05-09","0.15","62","72","53"
"ASN00009021","PERTH AIRPORT, AS","2014-05-10","0.15","60","71","56"
"ASN00009021","PERTH AIRPORT, AS","2014-05-11","0.09","61","76","52"
"ASN00009021","PERTH AIRPORT, AS","2014-05-12","0.00","61","74","52"
"ASN00009021","PERTH AIRPORT, AS","2014-05-13","0.09","61","72","51"
"ASN00009021","PERTH AIRPORT, AS","2014-05-14","0.00","61","71","53"
"ASN00009021","PERTH AIRPORT, AS","2014-05-15","0.00","60","72","54"
"ASN00009021","PERTH AIRPORT, AS","2014-05-16","0.00","60","74","50"
"ASN00009021","PERTH AIRPORT, AS","2014-05-17","0.02","62","73","51"
"ASN00009021","PERTH AIRPORT, AS","2014-05-18","0.01","63","70","52"
"ASN00009021","PERTH AIRPORT, AS","2014-05-19","0.03","64","71","60"
"ASN00009021","PERTH AIRPORT, AS","2014-05-20","0.13","64","74","60"
"ASN00009021","PERTH AIRPORT, AS","2014-05-21","0.24","61","69","59"
"ASN00009021","PERTH AIRPORT, AS","2014-05-22","0.05","65","72","55"
"ASN00009021","PERTH AIRPORT, AS","2014-05-23","1.19","62","70","58"
"ASN00009021","PERTH AIRPORT, AS","2014-05-24","0.26","62","68","57"
"ASN00009021","PERTH AIRPORT, AS","2014-05-25","0.08","61","68","53"
"ASN00009021","PERTH AIRPORT, AS","2014-05-26","0.22","61","68","56"
"ASN00009021","PERTH AIRPORT, AS","2014-05-27","0.02","61","67","57"
"ASN00009021","PERTH AIRPORT, AS","2014-05-28","0.50","56","67","51"
"ASN00009021","PERTH AIRPORT, AS","2014-05-29","0.00","54","69","46"
"ASN00009021","PERTH AIRPORT, AS","2014-05-30","0.00","55","65","43"
"ASN00009021","PERTH AIRPORT, AS","2014-05-31","0.00","56","62","49"
"ASN00009021","PERTH AIRPORT, AS","2014-06-01","0.05","61","71","48"
"ASN00009021","PERTH AIRPORT, AS","2014-06-02","0.06","60","71","54"
"ASN00009021","PERTH AIRPORT, AS","2014-06-03","0.00","59","72","49"
"ASN00009021","PERTH AIRPORT, AS","2014-06-04","0.00","60","74","46"
"ASN00009021","PERTH AIRPORT, AS","2014-06-05","0.00","62","77","51"
"ASN00009021","PERTH AIRPORT, AS","2014-06-06","0.00","64","74","53"
"ASN00009021","PERTH AIRPORT, AS","2014-06-07","0.00","62","69","55"
"ASN00009021","PERTH AIRPORT, AS","2014-06-08","0.00","62","68","58"
"ASN00009021","PERTH AIRPORT, AS","2014-06-09","0.01","63","75","57"
"ASN00009021","PERTH AIRPORT, AS","2014-06-10","0.34","52","64","58"
"ASN00009021","PERTH AIRPORT, AS","2014-06-11","0.00","51","64","38"
"ASN00009021","PERTH AIRPORT, AS","2014-06-12","0.00","49","65","39"
"ASN00009021","PERTH AIRPORT, AS","2014-06-13","0.00","48","63","35"
"ASN00009021","PERTH AIRPORT, AS","2014-06-14","0.00","49","65","34"
"ASN00009021","PERTH AIRPORT, AS","2014-06-15","0.00","53","68","39"
"ASN00009021","PERTH AIRPORT, AS","2014-06-16","0.00","57","71","45"
"ASN00009021","PERTH AIRPORT, AS","2014-06-17","0.00","56","65","44"
"ASN00009021","PERTH AIRPORT, AS","2014-06-18","1.86","55","64","51"
"ASN00009021","PERTH AIRPORT, AS","2014-06-19","0.15","58","64","49"
"ASN00009021","PERTH AIRPORT, AS","2014-06-20","0.31","58","67","53"
"ASN00009021","PERTH AIRPORT, AS","2014-06-21","0.01","55","67","48"
"ASN00009021","PERTH AIRPORT, AS","2014-06-22","0.71","48","61","43"
"ASN00009021","PERTH AIRPORT, AS","2014-06-23","0.07","48","61","34"
"ASN00009021","PERTH AIRPORT, AS","2014-06-24","0.00","50","64","39"
"ASN00009021","PERTH AIRPORT, AS","2014-06-25","0.00","52","68","37"
"ASN00009021","PERTH AIRPORT, AS","2014-06-26","0.00","55","68","41"
"ASN00009021","PERTH AIRPORT, AS","2014-06-27","0.07","51","64","37"
"ASN00009021","PERTH AIRPORT, AS","2014-06-28","0.00","49","60","41"
"ASN00009021","PERTH AIRPORT, AS","2014-06-29","0.00","56","62","38"
"ASN00009021","PERTH AIRPORT, AS","2014-06-30","0.00","62","71","49"
"ASN00009021","PERTH AIRPORT, AS","2014-07-01","0.00","66","73","54"
"ASN00009021","PERTH AIRPORT, AS","2014-07-02","0.47","54","67","61"
"ASN00009021","PERTH AIRPORT, AS","2014-07-03","0.26","49","60","36"
"ASN00009021","PERTH AIRPORT, AS","2014-07-04","0.00","58","69","40"
"ASN00009021","PERTH AIRPORT, AS","2014-07-05","0.13","65","72","51"
"ASN00009021","PERTH AIRPORT, AS","2014-07-06","0.03","58","67","58"
"ASN00009021","PERTH AIRPORT, AS","2014-07-07","0.66","56","63","51"
"ASN00009021","PERTH AIRPORT, AS","2014-07-08","0.73","49","62","49"
"ASN00009021","PERTH AIRPORT, AS","2014-07-09","0.04","49","60","37"
"ASN00009021","PERTH AIRPORT, AS","2014-07-10","0.00","54","64","37"
"ASN00009021","PERTH AIRPORT, AS","2014-07-11","0.00","56","66","47"
"ASN00009021","PERTH AIRPORT, AS","2014-07-12","0.00","54","64","49"
"ASN00009021","PERTH AIRPORT, AS","2014-07-13","0.00","55","67","44"
"ASN00009021","PERTH AIRPORT, AS","2014-07-14","0.57","55","64","44"
"ASN00009021","PERTH AIRPORT, AS","2014-07-15","0.24","56","66","46"
"ASN00009021","PERTH AIRPORT, AS","2014-07-16","0.07","49","63","48"
"ASN00009021","PERTH AIRPORT, AS","2014-07-17","0.00","52","63","37"
"ASN00009021","PERTH AIRPORT, AS","2014-07-18","0.00","56","68","44"
"ASN00009021","PERTH AIRPORT, AS","2014-07-19","0.00","56","69","48"
"ASN00009021","PERTH AIRPORT, AS","2014-07-20","0.10","53","63","49"
"ASN00009021","PERTH AIRPORT, AS","2014-07-21","0.03","55","63","45"
"ASN00009021","PERTH AIRPORT, AS","2014-07-22","1.15","52","60","48"
"ASN00009021","PERTH AIRPORT, AS","2014-07-23","0.17","52","60","46"
"ASN00009021","PERTH AIRPORT, AS","2014-07-24","0.12","57","67","48"
"ASN00009021","PERTH AIRPORT, AS","2014-07-25","0.05","59","67","52"
"ASN00009021","PERTH AIRPORT, AS","2014-07-26","0.13","54","64","55"
"ASN00009021","PERTH AIRPORT, AS","2014-07-27","0.39","56","65","45"
"ASN00009021","PERTH AIRPORT, AS","2014-07-28","0.10","58","66","48"
"ASN00009021","PERTH AIRPORT, AS","2014-07-29","0.04","61","67","51"
"ASN00009021","PERTH AIRPORT, AS","2014-07-30","0.00","59","66","57"
"ASN00009021","PERTH AIRPORT, AS","2014-07-31","0.00","49","61","44"
